{
  "c0": 0.057209698353296395,
  "c1_0": 0.13543640286301695,
  "c2_d0000_0_00": 0.18553741637525928,
  "c2_d0001_0_00": 0.011408399665934434,
  "c2_d0002_0_00": 0.017412503684708504,
  "c2_d0003_0_00": 0.003986891302281426,
  "c3_d0000_0_000": 0.015682623576986892,
  "c3_d0001_0_000": 0.004276199461383482,
  "c4_d0000_0_0000": -0.001207676517801294,
  "c4_d0001_0_0000": -0.0003328056312263438,
  "c4_d0002_0_0000": -0.000590195368849209
}